ip,count
157.55.39.162,7
124.160.11.130,39
176.9.139.5,15
13.66.139.171,1
111.225.148.36,3
40.77.167.134,1
124.160.11.210,117
40.77.167.123,1
176.9.139.210,16
207.46.13.71,2
111.225.149.64,2
124.160.11.70,156
124.160.11.166,128
176.9.139.74,32
110.249.201.173,2
110.249.201.89,2
124.160.11.69,192
123.125.67.105,1
157.55.39.233,1
176.9.139.78,20
157.55.39.40,2
110.249.202.9,1
203.208.60.238,1
176.9.139.105,45
124.160.11.254,143
185.191.171.64,2
110.249.201.231,3
185.191.171.228,1
157.55.39.39,2
157.55.39.49,2
176.9.139.24,15
124.160.11.95,142
111.193.133.146,25
110.249.202.215,2
240e:358:8f10:7e1c:6023:cd1:b99:517c,2
124.160.11.222,154
176.9.139.250,13
124.160.11.128,133
111.225.149.141,3
111.193.133.158,35
111.225.149.25,4
124.160.11.122,90
176.9.139.25,7
2409:8a50:449:5ab8:af82:e791:130:2d61,7
123.125.67.16,1
220.243.135.157,1
185.191.171.255,6
124.160.11.60,169
176.9.139.155,8
185.191.171.231,1
40.77.167.143,2
54.36.148.197,1
13.66.139.8,2
111.225.149.164,1
176.9.139.233,25
124.160.11.199,44
157.55.39.145,1
110.249.201.76,4
207.46.13.159,1
13.66.139.249,4
124.160.11.205,184
176.9.139.216,8
220.243.136.55,1
185.191.171.41,1
54.36.148.42,1
111.225.149.184,3
124.160.11.71,125
176.9.139.152,34
162.55.175.35,2
119.162.167.159,1
111.225.148.17,3
220.181.51.145,1
124.160.11.255,31
124.160.11.237,216
40.77.167.141,1
176.9.139.137,11
203.208.60.70,2
110.249.202.107,4
185.191.171.24,2
176.9.139.103,25
185.191.171.8,2
207.46.13.26,3
111.193.133.167,4
185.191.171.122,4
157.55.39.208,3
110.249.201.138,3
119.162.167.136,14
124.160.11.197,94
176.9.139.129,8
124.160.11.238,154
110.249.202.30,3
119.162.167.177,3
111.225.149.42,1
176.9.139.0,46
185.191.171.130,4
54.36.148.11,1
185.191.171.148,2
207.46.13.40,4
110.249.202.21,4
203.208.60.43,3
203.208.60.129,2
13.66.139.50,1
124.160.11.90,220
176.9.139.145,29
124.160.11.133,159
220.181.51.175,2
111.225.148.71,2
13.66.139.230,1
207.46.13.234,5
54.36.148.249,1
124.160.11.200,142
176.9.139.120,50
110.249.202.230,1
78.88.213.48,3
78.88.213.114,6
176.9.139.76,16
185.191.171.92,3
54.36.149.149,1
40.77.167.196,1
119.162.167.195,9
110.249.202.128,3
124.160.11.219,92
176.9.139.138,13
119.162.167.11,4
185.191.171.123,2
111.225.148.105,6
176.9.139.249,23
185.191.171.110,1
124.160.11.61,145
157.55.39.164,4
110.249.202.45,3
185.191.171.154,2
124.160.11.187,11
123.125.67.44,2
157.55.39.14,2
185.191.171.12,3
124.160.11.195,94
176.9.139.215,18
85.208.98.164,1
185.191.171.10,2
124.160.11.93,72
111.225.149.192,3
203.208.60.53,2
85.208.98.33,1
85.208.98.120,1
124.160.11.233,82
85.208.98.37,1
176.9.139.248,23
111.225.149.248,3
111.193.133.138,11
110.249.201.185,2
40.77.167.220,2
124.160.11.58,46
119.162.167.78,10
124.160.11.248,55
203.208.60.112,4
207.46.13.70,1
203.208.60.225,1
85.208.98.87,1
113.72.145.101,2
207.46.13.35,1
13.66.139.62,1
85.208.98.203,1
185.191.171.150,3
110.249.202.83,2
85.208.98.139,1
176.9.139.180,16
124.160.11.214,44
85.208.98.41,1
185.191.171.65,4
110.249.202.73,4
216.244.66.187,2
123.125.67.92,1
124.160.11.54,187
176.9.139.194,38
207.46.13.8,4
124.160.11.204,234
110.249.201.77,3
185.191.171.82,2
119.162.167.149,8
124.160.11.147,205
111.225.148.144,2
176.9.139.227,23
207.46.13.68,1
111.225.148.1,2
157.55.39.186,1
185.191.171.236,2
176.9.139.167,27
124.160.11.229,52
110.249.202.35,2
176.9.139.23,15
13.66.139.245,1
124.160.11.152,85
124.160.11.47,70
124.160.11.156,120
176.9.139.232,15
111.225.148.235,1
220.181.51.185,1
207.46.13.166,3
185.191.171.151,2
207.46.13.165,1
124.160.11.213,79
176.9.139.66,33
157.55.39.221,1
157.55.39.48,3
124.160.11.83,198
110.249.201.22,2
124.160.11.231,49
2001:bb6:636a:9735:47ba:5e60:4264:e13,2
176.9.139.252,14
124.160.11.241,198
157.55.39.70,2
110.249.201.16,2
124.160.11.170,201
185.191.171.169,3
124.160.11.177,53
110.249.201.212,2
124.160.11.215,149
111.225.149.10,5
185.191.171.48,4
220.181.51.195,2
124.160.11.119,157
124.160.11.163,156
111.225.148.230,4
124.160.11.132,128
185.191.171.114,5
162.55.185.146,2
207.46.13.230,1
157.55.39.3,2
203.208.60.250,1
203.208.60.170,4
124.160.11.41,162
110.249.201.27,2
3.210.145.20,1
110.249.202.104,4
124.160.11.94,53
111.225.148.168,4
207.46.13.182,2
64.94.211.34,1
124.160.11.182,155
203.208.60.178,3
124.160.11.111,126
220.243.135.201,1
203.208.60.4,1
185.191.171.240,2
176.9.139.2,35
124.160.11.99,122
176.9.139.6,40
124.160.11.183,43
185.191.171.72,2
111.225.148.199,5
220.181.51.193,2
111.225.148.62,6
176.9.139.190,25
124.160.11.227,76
203.208.60.59,1
203.208.60.78,1
203.208.60.21,2
111.225.149.131,2
120.229.206.18,1
203.208.60.17,1
185.191.171.158,1
176.9.139.160,12
185.191.171.31,2
112.0.214.179,2
207.46.13.243,2
111.225.148.115,3
176.9.139.3,26
207.46.13.252,1
207.46.13.54,2
110.249.201.82,2
124.160.11.108,193
185.191.171.0,3
183.206.26.237,1
176.9.139.58,3
124.160.11.77,66
111.225.148.8,1
123.125.67.42,1
110.249.201.248,3
124.160.11.34,95
176.9.139.211,24
157.55.39.23,4
120.229.206.212,1
110.249.201.60,2
176.9.139.72,20
124.160.11.1,107
54.36.148.96,2
112.4.54.204,1
185.191.171.60,2
185.191.171.67,3
185.191.171.207,2
110.249.201.100,5
176.9.139.121,13
124.160.11.112,129
124.160.11.0,168
185.191.171.129,3
110.249.201.126,4
216.244.66.254,4
124.160.11.25,114
176.9.139.146,31
111.225.149.61,4
216.244.66.249,1
111.225.149.91,1
220.181.51.201,1
176.9.139.32,24
124.160.11.79,84
110.249.202.27,5
124.160.11.20,194
176.9.139.109,16
112.0.214.132,2
111.225.149.44,2
185.191.171.20,3
216.244.66.238,1
124.160.11.88,90
176.9.139.136,38
207.46.13.211,1
111.225.149.20,3
54.36.148.26,1
111.225.148.12,1
203.208.60.147,2
124.160.11.28,144
207.46.13.58,1
157.55.39.229,2
176.9.139.125,17
124.160.11.155,38
123.125.67.140,1
110.249.201.251,1
185.191.171.218,1
111.225.149.33,5
207.46.13.169,1
124.160.11.153,129
176.9.139.168,49
124.160.11.80,43
111.225.148.140,3
13.66.139.242,2
40.77.167.58,1
106.11.152.8,1
124.160.11.53,60
176.9.139.131,25
185.191.171.140,2
203.208.60.187,1
203.208.60.126,1
203.208.60.15,1
203.208.60.137,1
124.160.11.216,135
111.225.148.58,2
119.4.174.99,1
203.208.60.63,2
40.77.167.204,2
176.9.139.171,32
40.77.167.46,1
111.225.148.6,8
185.191.171.187,1
157.55.39.163,2
157.55.39.99,1
110.249.202.132,1
124.160.11.142,106
176.9.139.39,38
216.244.66.189,5
111.193.133.184,6
40.77.167.199,1
54.36.148.161,2
185.191.171.149,6
110.249.201.72,2
124.160.11.252,171
176.9.139.49,31
185.191.171.29,2
157.55.39.37,3
203.208.60.82,3
110.249.201.79,4
124.160.11.162,48
176.9.139.124,22
185.191.171.237,2
203.208.60.166,2
207.46.13.50,1
111.193.133.238,3
203.208.60.10,2
203.208.60.215,1
110.249.202.46,3
110.249.202.166,3
203.208.60.240,1
203.208.60.144,3
203.208.60.145,3
203.208.60.128,1
176.9.139.47,7
124.160.11.33,89
157.55.39.106,3
203.208.60.133,2
13.66.139.65,3
40.77.167.80,2
124.160.11.27,166
176.9.139.99,42
111.225.149.17,4
176.9.139.110,13
220.181.51.94,1
111.225.149.128,3
207.46.13.23,4
162.55.175.207,1
2a01:4f8:c010:dbc7:6048:4f74:a8d8:57e8,1
185.191.171.249,3
176.9.139.64,37
185.191.171.109,1
110.249.201.153,1
207.46.13.172,3
185.191.171.157,5
124.160.11.232,10
203.208.60.231,1
176.9.139.128,24
110.249.202.24,3
124.160.11.49,49
185.191.171.9,3
216.244.66.33,2
124.160.11.5,82
216.244.66.126,3
124.160.11.38,37
207.46.13.19,1
111.225.149.130,4
207.46.13.196,1
207.46.13.160,1
40.77.167.115,4
176.9.139.218,23
124.160.11.172,85
110.249.201.20,5
220.181.51.132,2
124.160.11.139,148
157.55.39.137,2
110.249.202.210,1
176.9.139.1,16
110.249.201.120,3
13.66.139.243,2
157.55.39.136,4
40.77.167.85,1
124.160.11.92,117
176.9.139.147,17
124.160.11.68,134
36.22.47.136,1
2001:da8:d800:29d5:2da4:2efd:f96c:f3b2,4
110.249.202.77,5
54.36.148.90,1
110.249.201.162,2
185.191.171.251,1
185.191.171.34,3
220.243.136.159,3
13.66.139.19,3
124.160.11.59,95
123.125.67.58,2
124.160.11.81,110
176.9.139.21,26
110.249.202.13,2
111.193.133.11,8
54.36.149.1,1
106.11.159.103,1
176.9.139.202,27
111.225.149.22,1
124.160.11.164,74
2601:140:4:3b49:39bd:994f:4152:d747,7
110.249.202.222,3
185.191.171.63,5
124.160.11.101,66
176.9.139.116,30
207.46.13.93,1
13.66.139.121,1
2601:140:4:eee3:8eca:23f3:63fa:8088,2
216.244.66.56,2
2800:cd0:2703:fe4e:b1d5:a520:3374:a0b0,5
110.249.201.3,2
124.160.11.184,36
124.160.11.117,196
176.9.139.203,33
216.244.66.250,2
124.160.11.186,68
185.191.171.52,2
40.77.167.25,1
110.249.202.238,2
124.160.11.115,162
185.191.171.194,6
124.160.11.202,87
23.226.91.230,1
123.125.67.190,1
220.243.135.226,1
157.55.39.35,2
40.77.167.97,2
176.9.139.201,7
111.225.149.193,3
124.160.11.224,5
157.55.39.131,3
207.46.13.143,3
110.249.202.47,5
124.160.11.247,165
176.9.139.15,12
162.55.175.19,2
124.160.11.140,4
157.55.39.124,1
185.191.171.127,3
110.249.202.180,3
188.170.86.55,19
207.46.13.178,1
110.249.202.151,4
124.160.11.110,62
188.170.86.74,1
176.9.139.100,24
111.225.148.187,2
123.125.67.150,1
185.191.171.111,2
124.160.11.236,107
176.9.139.71,15
111.225.149.166,4
111.225.149.21,1
176.9.139.35,25
220.243.136.178,2
124.160.11.82,184
185.191.171.40,2
216.244.66.108,4
58.213.240.46,1
185.191.171.43,4
40.77.167.231,3
111.193.133.8,3
185.191.171.51,1
111.225.149.147,3
185.191.171.70,2
111.225.148.61,3
124.160.11.239,86
119.129.70.173,5
220.181.51.203,1
176.9.139.115,40
110.249.201.210,2
185.191.171.171,1
207.46.13.155,2
111.225.148.240,3
124.160.11.19,138
176.9.139.156,15
207.46.13.5,1
203.208.60.141,1
40.77.167.53,2
111.225.148.204,2
124.160.11.11,22
157.55.39.222,3
13.66.139.57,3
110.249.202.155,2
185.191.171.163,4
203.208.60.89,4
176.9.139.198,26
157.55.39.234,1
111.225.149.94,2
207.46.13.140,2
203.208.60.165,1
220.243.136.239,1
154.30.32.160,11
185.191.171.103,3
123.125.67.64,2
124.160.11.171,83
185.191.171.190,3
111.225.149.213,2
176.9.139.88,28
124.160.11.97,68
154.30.32.80,15
124.160.11.174,126
110.249.202.61,2
154.30.32.137,14
176.9.139.28,7
110.249.202.136,1
2603:7000:8a07:6329:fce9:1cf4:eb7f:9e63,5
106.11.152.254,1
58.213.240.165,2
176.9.139.253,20
154.30.32.97,13
124.160.11.208,118
111.225.148.178,3
54.36.148.131,1
40.77.167.244,1
124.160.11.104,36
154.30.32.103,12
157.55.39.184,2
146.196.32.216,2
40.77.167.144,2
207.46.13.67,2
207.46.13.96,1
58.213.240.197,2
220.181.51.250,1
154.30.32.21,15
176.9.139.241,31
111.225.148.16,3
185.191.171.39,2
203.208.60.151,1
110.249.202.188,4
40.77.167.228,2
40.77.167.149,1
157.55.39.174,4
157.55.39.80,3
203.208.60.58,2
154.30.32.248,15
176.9.139.234,15
124.160.11.154,26
124.160.11.157,58
111.225.149.241,3
77.4.10.3,6
176.9.139.150,9
154.30.32.255,1
77.4.10.132,18
185.191.171.81,2
124.160.11.44,191
54.36.148.255,1
207.46.13.147,2
220.243.136.105,1
124.160.11.235,82
185.191.171.25,4
2a02:587:c438:8b4c:d8a8:4b17:17da:47e6,1
176.9.139.19,8
110.249.201.154,5
135.181.81.36,2
111.225.149.70,4
124.160.11.146,41
176.9.139.101,13
123.125.67.206,1
110.249.201.52,2
124.160.11.245,203
185.191.171.28,2
111.225.149.126,4
176.9.139.173,8
124.160.11.211,42
110.249.202.20,3
124.160.11.178,150
176.9.139.98,30
220.243.135.113,2
124.160.11.32,163
185.191.171.241,2
203.208.60.100,2
220.243.135.166,1
220.243.136.142,1
123.125.67.28,1
124.160.11.165,200
176.9.139.176,30
124.160.11.181,98
207.46.13.149,1
185.191.171.233,2
111.225.149.156,5
124.160.11.31,133
124.160.11.10,3
185.191.171.145,2
203.208.60.107,1
203.208.60.77,1
203.208.60.130,3
203.208.60.102,1
176.9.139.29,22
203.208.60.173,1
36.150.60.211,1
220.243.136.123,1
203.208.60.208,2
143.244.37.168,5
157.55.39.129,1
220.243.135.155,3
124.160.11.223,162
176.9.139.222,14
157.55.39.241,2
124.160.11.106,58
185.191.171.33,1
203.208.60.222,2
220.181.51.130,1
111.225.149.221,2
40.77.167.238,2
18.235.23.149,5
40.77.167.154,1
176.9.139.113,22
54.36.148.177,1
220.243.135.76,2
111.29.71.122,1
207.46.13.151,1
111.225.148.106,1
185.191.171.139,4
110.249.202.36,2
111.29.71.24,1
176.9.139.107,41
123.125.67.189,1
111.225.149.35,2
54.36.149.128,1
124.160.11.75,139
176.9.139.140,9
185.191.171.30,4
111.225.148.29,1
203.208.60.180,1
157.55.39.47,2
36.150.60.58,1
176.9.139.16,42
124.160.11.45,124
110.249.201.12,3
203.208.60.157,1
185.191.171.90,1
47.189.35.3,7
110.249.201.181,6
124.160.11.141,109
40.77.167.131,1
111.225.148.245,1
207.46.13.254,2
110.249.201.32,2
185.191.171.132,2
58.213.240.91,4
54.36.149.210,1
185.191.171.16,1
110.249.202.183,3
123.125.67.107,1
176.9.139.199,22
54.160.100.179,1
185.191.171.87,1
110.249.201.40,1
203.208.60.16,2
54.36.149.127,1
34.232.69.192,1
124.160.11.244,78
111.225.149.180,5
185.191.171.185,5
185.191.171.198,5
185.191.171.100,3
110.249.201.8,1
185.191.171.71,2
176.9.139.174,23
124.160.11.23,159
111.225.149.187,2
13.66.139.151,1
176.9.139.40,33
207.46.13.132,2
111.225.148.231,2
207.46.13.99,1
157.55.39.116,4
110.249.202.208,3
111.29.71.97,1
176.9.139.59,46
124.160.11.40,181
220.181.51.98,1
54.36.148.108,2
207.46.13.130,1
110.249.201.75,3
124.160.11.65,107
13.66.139.87,2
185.191.171.153,1
157.55.39.78,2
36.150.60.60,1
220.243.136.167,1
124.160.11.96,120
176.9.139.108,16
185.191.171.238,2
110.249.202.126,5
13.66.139.155,1
124.160.11.243,27
176.9.139.193,21
207.46.13.60,1
124.160.11.78,100
111.225.148.20,4
207.46.13.153,1
98.207.127.207,10
110.249.202.96,3
2600:387:5:c070:3ef5:2cc4:eb7b:5201,1
207.46.13.120,1
203.208.60.65,2
203.208.60.206,1
177.220.191.99,2
216.244.66.64,1
177.220.191.244,4
176.9.139.212,14
111.225.148.148,2
185.191.171.6,2
124.160.11.250,74
110.249.202.127,2
176.9.139.97,15
194.110.13.89,1
110.249.202.112,2
110.249.202.29,2
124.160.11.228,75
176.9.139.70,7
54.36.148.117,1
110.249.202.52,2
124.160.11.17,76
176.9.139.50,35
110.249.201.146,1
124.160.11.173,91
194.110.13.251,1
110.249.201.114,3
157.55.39.226,4
54.36.149.198,1
111.29.71.50,1
176.9.139.46,12
124.160.11.50,144
123.125.67.200,1
111.225.148.48,4
185.191.171.193,3
36.150.60.165,1
176.9.139.220,20
203.208.60.37,1
135.148.78.15,1
220.243.136.3,1
185.191.171.204,3
194.110.13.152,1
110.249.201.55,4
111.225.148.162,4
185.191.171.50,3
111.225.148.149,1
203.208.60.12,3
111.225.148.172,4
124.160.11.62,117
176.9.139.246,15
110.249.201.31,2
123.125.67.204,1
207.46.13.51,1
203.208.60.203,2
124.160.11.185,53
124.160.11.15,195
185.191.171.45,2
176.9.139.36,16
85.208.98.81,1
13.66.139.13,1
111.225.148.120,2
54.36.148.58,1
185.191.171.244,2
110.249.201.44,2
124.160.11.85,27
176.9.139.122,45
185.191.171.57,4
13.66.139.52,2
40.88.21.169,2
2001:8a0:c150:34dc:5ef7:4ebc:6d9c:e2a4,6
185.191.171.19,2
110.249.202.17,2
176.9.139.172,33
111.225.148.251,3
110.249.202.44,1
157.55.39.1,1
220.243.135.220,1
111.225.149.2,7
185.191.171.172,2
220.181.51.159,1
13.66.139.37,1
111.225.149.149,1
124.160.11.159,46
40.77.167.32,5
13.66.139.40,1
185.191.171.115,2
124.160.11.191,159
111.225.149.50,3
185.191.171.54,1
110.249.202.211,4
124.160.11.113,80
110.249.202.48,1
176.9.139.133,8
111.225.148.234,2
124.160.11.64,5
111.225.149.205,5
176.9.139.14,33
162.55.185.216,1
54.36.149.163,1
111.225.149.90,1
207.46.13.57,1
111.225.149.231,3
124.160.11.240,28
176.9.139.62,8
124.160.11.18,50
123.125.67.49,2
110.249.201.132,7
2001:56a:f710:67f4:a0fc:759a:d840:94b7,6
157.55.39.75,3
2001:56a:f710:32b4:c9b:cc21:e7fe:7875,1
124.160.11.217,100
220.243.135.75,1
110.249.201.178,7
157.55.39.189,1
220.243.136.38,2
207.46.13.128,5
40.77.167.153,1
111.225.148.65,4
124.160.11.7,181
111.225.148.97,2
176.9.139.17,14
111.225.148.147,4
123.125.67.225,1
185.191.171.79,1
111.225.148.176,3
185.191.171.226,3
124.160.11.220,7
185.191.171.3,2
111.29.71.177,1
2.147.113.237,6
110.249.202.34,3
203.208.60.95,1
220.243.135.197,1
124.160.11.150,78
185.191.171.199,4
176.9.139.231,8
40.77.167.179,2
111.225.149.107,6
220.243.135.30,1
176.9.139.163,23
90.191.135.210,5
110.249.201.203,2
85.208.98.204,1
110.249.201.119,6
176.9.139.79,15
85.208.98.47,1
54.36.148.142,2
124.160.11.144,84
110.249.202.205,2
207.46.13.148,3
85.208.98.116,1
110.249.201.19,2
123.125.67.156,1
157.55.39.43,5
13.66.139.169,1
203.208.60.237,2
203.208.60.177,2
157.55.39.200,3
111.225.149.249,3
216.244.66.175,2
111.225.148.222,2
185.191.171.27,1
176.9.139.45,34
40.77.167.132,1
185.191.171.44,2
110.249.201.177,1
124.160.11.72,80
111.225.148.99,3
176.9.139.37,35
124.160.11.37,34
185.191.171.94,1
111.225.149.36,1
207.46.13.110,3
176.9.139.114,15
110.249.201.160,1
185.191.171.211,1
207.46.13.98,1
111.225.149.194,3
124.160.11.179,78
176.9.139.178,8
207.46.13.232,1
207.46.13.170,2
111.225.149.211,2
157.55.39.12,1
220.181.51.178,1
111.225.149.117,1
162.55.185.249,1
207.46.13.21,2
185.191.171.97,5
124.160.11.203,162
157.55.39.28,1
110.249.201.190,1
124.160.11.66,109
216.244.66.41,1
111.225.148.206,2
124.160.11.234,96
176.9.139.130,14
216.244.66.61,2
157.55.39.66,2
110.249.202.160,1
111.225.149.106,2
176.9.139.112,17
124.160.11.57,189
185.191.171.253,3
110.249.202.165,2
111.225.149.142,1
124.160.11.8,127
176.9.139.143,24
207.46.13.72,1
220.243.136.173,2
106.12.94.132,4
157.55.39.91,2
110.249.201.250,3
207.46.13.209,2
123.125.67.55,2
176.9.139.92,16
111.225.148.166,1
185.191.171.2,2
111.225.149.236,3
124.160.11.100,121
185.191.171.176,3
111.225.148.141,1
185.191.171.254,3
111.225.149.83,3
198.144.149.75,2
207.46.13.30,3
157.55.39.5,1
183.206.26.78,1
220.243.135.9,3
198.144.149.192,2
207.46.13.139,2
54.36.149.104,1
220.243.135.79,1
124.160.11.14,29
185.191.171.26,2
111.225.148.146,4
124.160.11.56,86
176.9.139.56,15
110.249.202.99,2
124.160.11.73,182
203.208.60.186,1
176.9.139.94,8
40.77.167.92,1
157.55.39.94,1
124.160.11.120,132
220.243.136.114,1
123.125.67.244,2
220.243.136.230,1
216.244.66.255,1
124.160.11.48,89
216.244.66.172,3
176.9.139.209,25
220.243.136.109,1
203.208.60.207,3
203.208.60.251,1
220.243.135.133,1
115.214.233.255,1
54.36.148.250,1
220.243.135.206,1
176.9.139.243,24
185.191.171.188,3
110.249.201.111,2
5.203.210.64,5
40.77.167.60,1
124.160.11.225,111
176.9.139.162,22
124.160.11.188,56
111.225.148.41,4
220.243.136.78,1
124.160.11.121,120
111.225.149.168,5
123.125.67.222,1
110.249.201.85,1
110.249.202.228,2
207.46.13.59,2
124.160.11.189,58
207.46.13.249,3
111.225.149.67,1
207.46.13.200,4
185.191.171.133,2
220.243.136.172,2
124.160.11.24,107
185.191.171.86,2
110.249.201.26,4
13.66.139.111,1
207.46.13.20,1
220.243.136.139,1
185.191.171.160,3
110.249.201.43,2
124.160.11.230,51
176.9.139.141,14
124.160.11.246,87
176.9.139.166,29
220.181.51.196,1
203.208.60.249,1
203.208.60.79,2
111.225.148.198,2
203.208.60.163,1
203.208.60.161,1
203.208.60.198,1
111.225.148.184,3
40.77.167.202,1
207.46.13.226,4
111.225.149.63,1
111.225.149.45,2
216.244.66.60,1
176.9.139.87,21
216.244.66.188,3
185.191.171.135,3
111.225.148.217,2
115.214.233.212,1
111.225.148.165,3
176.9.139.170,29
110.249.201.104,3
111.225.148.195,2
110.249.201.51,1
124.160.11.89,133
220.243.136.165,1
220.181.51.28,2
207.46.13.38,1
54.36.148.67,1
203.208.60.196,2
157.55.39.199,2
220.243.136.20,2
13.66.139.45,1
176.9.139.82,20
124.160.11.76,82
185.191.171.102,3
135.181.83.211,1
220.243.135.44,1
40.77.167.90,1
220.243.135.62,2
185.191.171.101,4
111.225.148.121,5
111.225.148.11,2
185.191.171.208,1
124.160.11.129,164
111.225.148.18,3
176.9.139.157,14
13.66.139.39,1
110.249.201.42,4
176.9.139.149,32
110.249.202.241,1
185.191.171.184,3
220.181.51.7,1
111.225.148.227,3
157.55.39.89,1
111.225.149.225,3
185.191.171.159,3
207.46.13.14,2
13.66.139.92,1
110.249.202.134,2
203.208.60.76,2
176.9.139.183,23
111.225.149.188,2
111.225.149.119,3
185.191.171.183,2
66.249.79.82,1
203.208.60.39,1
110.249.201.195,4
203.208.60.228,2
13.66.139.55,1
157.55.39.69,1
124.160.11.114,47
157.55.39.147,1
110.249.202.163,4
207.46.13.150,4
110.249.202.185,3
185.191.171.5,1
124.160.11.84,127
110.249.202.64,2
176.9.139.208,24
220.181.51.54,2
185.191.171.200,2
110.249.202.125,2
185.191.171.155,2
111.225.149.43,4
176.9.139.65,16
124.160.11.105,74
124.160.11.149,62
185.191.171.221,1
124.160.11.29,73
176.9.139.61,16
157.55.39.232,1
111.225.149.73,1
40.77.167.137,2
111.225.149.55,4
176.9.139.89,41
203.208.60.30,1
220.243.135.180,2
207.46.13.3,6
185.191.171.156,3
111.225.149.115,1
207.46.13.75,2
110.249.202.133,1
124.160.11.253,21
110.249.202.153,3
40.77.167.31,3
220.181.51.207,1
162.55.185.75,2
13.66.139.163,1
117.149.100.140,1
157.55.39.175,4
54.36.148.74,1
117.149.100.162,5
13.66.139.5,1
111.225.148.9,4
124.160.11.249,24
124.160.11.103,25
185.191.171.106,7
111.225.149.159,6
162.55.175.244,1
176.9.139.192,9
110.249.202.28,2
124.160.11.180,45
162.55.175.209,1
111.225.149.201,2
124.160.11.42,31
176.9.139.12,14
124.160.11.63,45
110.249.202.111,2
123.125.67.212,3
185.191.171.235,2
185.191.171.206,3
110.249.201.140,3
185.191.171.83,1
111.225.148.34,2
111.225.148.170,5
13.66.139.18,1
110.249.201.156,2
157.55.39.8,1
124.160.11.192,115
176.9.139.52,16
111.225.149.32,3
111.225.148.133,1
124.160.11.39,175
54.36.148.111,1
157.55.39.152,7
111.225.149.139,2
176.9.139.229,24
111.225.148.194,4
110.249.201.207,4
176.9.139.135,15
110.249.202.139,1
157.55.39.219,2
203.208.60.220,1
110.249.202.154,3
111.225.148.225,1
185.191.171.120,2
110.249.201.78,3
111.225.148.19,1
13.66.139.219,1
124.160.11.212,195
176.9.139.69,23
157.55.39.156,3
111.225.149.170,2
110.249.202.231,1
220.181.51.244,1
124.160.11.218,44
54.36.148.59,2
157.55.39.68,2
2804:14c:43:3bdb:52c1:89cf:5556:66b,1
176.9.139.84,17
2804:14c:43:9d9a:cf46:d8a4:8499:9ca4,5
110.249.202.23,2
111.225.148.30,1
40.77.167.37,1
111.225.148.157,1
13.66.139.82,2
176.9.139.224,14
110.249.202.207,2
111.225.149.60,5
176.9.139.165,31
111.225.149.39,3
176.9.139.187,25
203.208.60.182,1
203.208.60.8,2
123.125.67.32,1
110.249.201.131,5
111.225.149.11,4
111.225.148.220,2
176.9.139.230,6
111.225.148.209,3
5.188.210.189,1
124.160.11.6,94
5.188.210.152,3
110.249.201.225,1
40.77.167.88,2
110.249.202.170,1
124.160.11.43,55
220.243.136.86,1
110.249.202.12,3
124.160.11.190,223
123.125.67.131,1
124.160.11.36,88
207.46.13.142,1
220.243.136.35,1
110.249.202.213,1
124.160.11.196,60
54.36.148.41,1
111.225.149.41,1
185.191.171.121,3
124.160.11.206,104
111.225.148.76,1
220.243.136.229,1
111.225.148.190,1
185.191.171.4,4
124.123.189.184,2
111.225.149.114,3
157.55.39.214,1
220.181.51.99,1
111.225.149.100,1
176.9.139.104,9
110.249.201.166,2
185.191.171.22,2
124.160.11.251,4
111.225.148.51,1
157.55.39.88,1
111.225.148.252,1
203.208.60.62,2
176.9.139.91,8
111.225.149.195,4
216.244.66.253,1
110.249.201.95,1
203.208.60.247,1
124.160.11.176,88
185.191.171.212,1
110.249.202.246,2
176.9.139.237,18
207.46.13.214,1
110.249.202.97,1
123.125.67.186,1
185.191.171.119,3
157.55.39.32,1
110.249.201.217,1
207.46.13.248,3
110.249.201.33,1
207.46.13.53,2
110.249.201.244,1
157.55.39.125,1
185.191.171.37,3
110.249.202.11,2
207.46.13.146,2
203.208.60.40,2
203.208.60.108,2
203.208.60.233,2
203.208.60.48,2
111.225.148.57,1
124.160.11.151,60
185.191.171.7,3
176.9.139.144,9
112.23.181.154,8
111.225.149.123,2
124.123.189.244,4
170.150.57.169,2
157.55.39.216,3
110.249.201.127,1
176.9.139.80,24
110.249.201.48,1
111.225.148.243,2
123.125.67.3,1
110.249.201.194,5
117.143.116.152,2
54.36.148.243,1
110.249.201.143,3
157.55.39.25,2
207.46.13.127,2
124.160.11.158,19
111.225.149.204,2
34.127.7.231,2
124.160.11.124,3
176.9.139.134,20
111.225.148.163,2
110.249.201.14,4
176.9.139.169,25
124.160.11.123,58
111.225.148.54,2
111.225.148.228,1
157.55.39.153,5
111.225.149.68,2
157.55.39.252,2
123.125.67.70,1
176.9.139.51,20
110.249.202.247,1
111.225.148.92,1
111.225.148.86,1
124.160.11.167,117
111.225.149.235,2
76.104.250.173,3
185.191.171.239,2
111.225.149.247,2
124.160.11.55,122
207.46.13.141,3
162.55.185.163,1
185.191.171.250,2
2a01:4f8:1c1c:520:e9dc:32a8:9774:ce15,1
220.243.135.147,1
54.36.149.254,1
203.208.60.134,1
203.208.60.175,2
116.23.170.102,1
110.249.202.235,3
111.225.148.221,2
176.9.139.86,26
207.46.13.90,3
203.208.60.152,1
117.24.192.200,1
185.191.171.214,1
117.149.100.182,5
123.125.67.171,1
185.191.171.220,1
185.191.171.93,2
176.9.139.10,8
110.249.202.200,2
117.149.100.150,5
220.243.135.211,2
203.208.60.197,1
124.160.11.143,119
40.77.167.245,4
111.225.148.249,3
162.55.175.146,1
2a01:4f8:c010:bae0:44c0:d677:bc5b:1c90,1
185.191.171.53,2
110.249.201.65,5
111.225.149.228,2
110.249.202.105,1
110.249.202.121,3
110.249.201.1,1
220.243.136.200,1
176.9.139.93,16
123.125.67.79,2
185.191.171.138,2
207.46.13.103,1
111.225.148.89,1
111.225.148.108,4
176.9.139.206,14
111.225.149.207,6
85.208.98.97,1
124.160.11.21,171
110.249.201.171,1
176.9.139.68,31
40.77.167.184,1
110.249.202.113,2
85.208.98.160,1
185.191.171.99,1
104.244.227.105,1
111.225.148.31,2
185.191.171.209,1
110.249.201.54,3
176.9.139.219,6
124.160.11.160,1
2804:d45:bfc8:1b44:dde3:5c6a:7417:5c65,2
111.225.148.39,2
220.181.51.112,1
101.85.87.172,1
111.225.149.13,2
185.191.171.248,2
111.225.148.85,1
111.225.149.27,3
110.249.202.156,1
216.244.66.246,3
111.225.148.136,1
124.160.11.138,62
40.77.167.177,1
203.208.60.139,2
220.243.136.245,1
13.66.139.48,1
110.249.201.233,2
216.244.66.158,2
54.36.149.204,1
110.249.201.39,1
54.36.149.52,1
220.181.51.197,2
110.249.201.109,2
124.160.11.35,118
176.9.139.213,24
124.160.11.98,6
111.225.148.72,6
110.249.201.101,2
13.66.139.54,1
111.225.148.185,4
162.55.175.18,1
124.160.11.175,134
176.9.139.139,12
157.55.39.206,3
185.191.171.89,4
207.46.13.91,3
185.191.171.245,2
13.66.139.84,1
111.225.148.142,2
220.243.135.134,2
110.249.201.90,1
220.243.135.16,1
124.160.11.86,191
124.160.11.201,63
207.46.13.34,1
111.225.148.255,1
176.9.139.34,21
207.46.13.255,1
13.66.139.49,1
203.208.60.93,2
111.225.149.87,2
110.249.202.144,2
185.191.171.84,2
216.244.66.227,2
110.249.201.139,2
216.244.66.10,2
157.55.39.183,2
157.55.39.11,3
176.9.139.53,8
110.249.202.225,2
110.249.201.129,5
176.9.139.242,10
110.249.202.135,3
123.125.67.56,1
185.191.171.246,3
220.243.136.140,1
35.177.11.143,1
110.249.202.218,2
111.225.148.74,4
185.191.171.196,2
124.160.11.13,146
111.225.149.151,1
52.162.161.187,1
110.249.202.0,4
111.225.149.51,3
220.181.51.22,3
176.9.139.9,9
37.215.31.21,5
111.225.149.37,2
185.191.171.128,1
13.66.139.202,1
110.249.201.121,2
124.160.11.168,24
13.66.139.116,3
111.225.149.214,2
111.225.149.97,2
37.215.31.49,2
111.225.149.239,2
203.208.60.243,1
110.249.202.217,1
162.55.185.186,1
216.244.66.24,1
185.191.171.177,2
176.9.139.205,20
124.160.11.87,83
216.244.66.220,1
157.55.39.244,1
220.181.51.64,1
162.55.175.21,1
124.160.11.127,1
110.249.202.18,2
185.191.171.13,1
111.225.148.203,4
110.249.201.196,1
176.9.139.247,26
157.55.39.0,5
220.181.51.121,1
110.249.202.117,4
157.55.39.238,1
110.249.201.255,2
207.46.13.18,2
54.36.148.35,1
176.9.139.179,13
54.36.149.164,1
110.249.201.34,2
203.208.60.26,1
111.225.148.182,3
111.225.148.244,2
40.77.167.36,1
124.160.11.102,49
157.55.39.84,2
110.249.202.157,1
220.181.51.123,2
110.249.201.57,2
110.249.202.19,4
207.46.13.13,1
111.225.149.59,2
203.208.60.219,1
110.249.201.10,1
40.77.167.214,1
111.225.149.99,1
216.244.66.205,2
111.225.148.169,4
124.160.11.193,39
207.46.13.131,2
220.181.51.227,2
216.244.66.5,1
207.46.13.239,1
110.249.202.255,2
110.249.201.241,3
40.77.167.112,1
176.9.139.142,16
185.191.171.118,4
110.249.202.86,2
185.191.171.180,1
207.46.13.65,1
111.225.149.157,2
203.208.60.45,1
176.9.139.60,7
110.249.202.1,1
207.46.13.56,2
207.46.13.123,3
110.249.202.239,2
220.243.136.127,1
176.9.139.55,3
111.225.149.250,1
54.36.149.165,1
207.46.13.43,1
111.225.148.53,1
85.208.98.107,1
40.77.167.236,1
111.225.148.241,2
111.225.149.189,3
207.46.13.161,3
176.9.139.251,13
157.55.39.50,2
124.160.11.3,49
220.243.136.231,1
110.249.202.162,3
123.125.67.69,1
157.55.39.192,2
185.191.171.76,1
124.160.11.194,98
176.9.139.126,11
207.46.13.175,1
220.243.136.48,2
111.225.148.248,4
157.55.39.96,1
110.249.202.106,1
185.191.171.36,2
40.77.167.94,1
110.249.201.123,3
110.249.201.80,2
185.191.171.104,2
110.249.201.28,4
157.55.39.218,1
54.36.148.141,2
185.191.171.62,1
123.125.67.68,1
110.249.201.174,3
111.225.149.101,4
110.249.202.109,3
176.9.139.255,10
124.160.11.226,42
111.225.148.161,3
203.208.60.35,1
176.9.139.96,4
207.46.13.135,2
135.181.83.234,1
110.249.202.123,3
165.73.47.86,6
111.225.148.90,3
111.225.149.112,1
220.181.51.202,1
54.36.149.182,1
220.243.135.215,1
207.46.13.0,1
111.225.149.72,2
111.225.148.82,2
157.55.39.179,1
157.55.39.60,2
110.249.202.178,4
157.55.39.119,1
207.46.13.89,3
203.208.60.47,1
111.225.149.251,3
124.160.11.107,30
207.46.13.15,1
185.191.171.23,4
111.225.149.54,4
203.208.60.212,1
220.181.51.251,1
203.208.60.168,1
110.249.202.233,1
157.55.39.225,2
110.249.201.189,2
207.46.13.190,1
40.77.167.230,1
176.9.139.119,7
110.249.201.211,3
176.9.139.8,26
157.55.39.160,1
203.208.60.33,2
111.225.148.224,3
13.66.139.90,1
123.125.67.15,1
157.55.39.117,1
110.249.201.133,3
111.225.149.57,3
40.77.167.87,2
185.191.171.85,1
40.77.167.133,1
157.55.39.139,2
110.249.201.68,2
113.201.131.10,6
113.201.131.64,3
185.191.171.124,3
111.225.149.208,1
111.225.148.79,1
203.208.60.183,1
124.160.11.22,40
111.225.148.179,2
123.125.67.210,1
207.46.13.122,3
113.201.131.83,5
113.201.131.30,5
203.208.60.46,2
111.225.149.79,1
110.249.201.97,2
176.9.139.236,12
207.46.13.16,2
203.208.60.11,1
203.208.60.214,1
220.243.135.31,2
203.208.60.34,1
115.214.233.83,1
54.36.149.153,1
203.208.60.156,1
185.191.171.179,2
13.66.139.6,3
220.243.135.239,2
110.249.202.177,1
123.125.67.208,1
207.46.13.37,1
207.46.13.125,2
111.225.149.29,2
111.225.148.24,2
110.249.201.208,3
110.249.202.95,1
176.9.139.195,7
111.225.148.137,2
111.225.149.191,1
40.77.167.42,3
13.66.139.157,1
124.160.11.26,57
203.208.60.131,1
40.77.167.157,1
111.225.149.47,3
185.191.171.107,1
207.46.13.158,1
176.9.139.132,10
157.55.39.41,2
111.225.149.137,2
157.55.39.34,2
110.249.202.192,3
220.181.51.252,1
111.225.148.81,1
203.208.60.135,2
176.9.139.48,13
110.249.201.36,2
54.36.148.208,1
111.225.148.125,1
185.191.171.98,3
118.184.177.144,1
185.191.171.125,1
157.55.39.205,4
220.181.51.113,2
185.191.171.191,2
111.225.149.186,2
40.77.167.159,2
176.9.139.214,23
110.249.201.249,2
110.249.202.2,1
176.9.139.186,25
110.249.202.216,1
207.46.13.84,6
85.208.98.101,1
110.249.202.243,5
111.225.149.58,3
85.208.98.109,1
220.181.51.187,1
124.160.11.221,40
111.225.149.1,2
110.249.202.191,3
111.225.148.4,4
54.36.148.122,2
111.225.149.46,2
111.225.148.127,2
13.66.139.81,1
111.225.149.95,1
111.225.148.123,3
110.249.201.11,4
176.9.139.73,8
76.87.240.163,4
220.181.51.77,1
203.208.60.123,1
220.243.136.185,1
216.244.66.49,1
111.225.148.171,2
157.55.39.151,1
76.87.240.201,2
54.36.149.28,1
40.77.167.213,2
203.208.60.109,1
110.249.202.197,2
110.249.202.251,1
185.191.171.227,5
220.243.135.136,2
176.9.139.4,28
110.249.201.183,2
76.87.240.247,1
157.55.39.85,1
124.160.11.16,158
40.77.167.84,2
176.9.139.111,36
110.249.202.78,1
76.87.240.110,1
111.225.149.103,4
111.225.149.96,1
110.249.202.214,4
110.249.202.164,1
110.249.202.57,2
110.249.202.42,1
110.249.202.172,2
40.77.167.151,4
220.243.135.73,1
110.249.201.238,1
207.46.13.210,1
13.66.139.152,1
203.208.60.160,1
157.55.39.90,2
110.249.202.31,2
54.36.148.222,1
111.225.149.109,3
54.36.148.8,1
100.11.25.178,4
220.181.51.234,1
110.249.202.53,2
100.11.25.184,4
110.249.202.146,1
176.9.139.43,5
111.225.148.138,4
185.191.171.162,3
207.46.13.185,1
124.160.11.242,6
110.249.201.86,1
40.77.167.10,2
52.162.161.250,1
220.243.136.241,2
207.46.13.61,4
124.160.11.134,28
111.225.149.153,1
111.225.149.220,1
176.9.139.41,16
123.125.67.39,1
40.77.167.15,2
110.249.202.22,1
110.249.201.58,2
85.208.98.134,1
111.225.148.202,1
85.208.98.215,1
220.243.136.120,1
111.225.148.192,4
112.96.133.30,3
13.66.139.119,1
157.55.39.154,2
110.249.202.110,3
111.225.149.238,1
112.96.133.183,2
162.55.175.90,1
110.249.201.116,1
40.77.167.24,1
110.249.202.103,3
40.77.167.173,2
110.249.201.98,2
207.46.13.42,1
110.249.201.145,1
110.249.202.140,1
110.249.202.173,2
106.11.153.29,1
110.249.201.235,2
123.125.67.191,1
157.55.39.120,2
176.9.139.207,20
185.191.171.56,1
124.160.11.207,77
110.249.202.65,3
110.249.201.179,3
112.96.133.170,2
157.55.39.76,1
124.160.11.118,71
162.55.175.184,1
54.36.148.73,1
185.191.171.143,3
110.249.202.175,3
220.181.51.31,1
220.243.136.49,1
111.225.149.69,1
157.55.39.212,1
110.249.202.70,3
176.9.139.196,26
124.160.11.67,134
220.243.136.104,1
54.36.148.159,1
216.244.66.212,1
220.243.135.28,1
157.55.39.56,1
162.55.175.151,1
203.208.60.44,2
203.208.60.61,1
111.225.148.112,1
176.9.139.184,15
220.181.51.116,1
203.208.60.188,1
111.225.149.223,2
110.249.202.219,1
185.191.171.95,1
40.77.167.219,1
111.225.149.255,4
111.225.149.105,1
111.225.148.173,2
220.243.136.171,1
157.55.39.169,1
110.249.202.54,1
111.225.149.129,3
220.181.51.34,1
40.77.167.208,1
111.225.148.64,2
40.77.167.217,1
111.225.149.169,2
176.9.139.244,7
110.249.201.168,1
157.55.39.108,2
220.181.51.136,1
111.225.148.226,3
111.225.148.116,3
110.249.201.125,1
110.249.201.92,1
157.55.39.26,1
240e:35b:5e3:5f63:33cc:fc01:9db:d3b0,1
111.225.148.254,5
110.249.201.223,3
240e:35b:5e3:f82:3285:cb56:1419:e582,3
123.125.67.135,2
110.249.201.122,2
110.249.202.38,3
87.211.30.62,2
176.9.139.185,6
185.191.171.175,1
111.225.148.7,3
111.225.148.160,2
185.191.171.137,2
220.243.135.14,1
111.225.149.181,6
13.66.139.79,1
40.77.167.138,1
67.221.113.135,5
216.244.66.206,1
207.46.13.236,1
124.160.11.135,119
176.9.139.22,5
216.244.66.185,2
220.181.51.228,1
111.225.148.156,1
110.249.201.253,2
220.243.136.0,2
185.191.171.205,1
157.55.39.52,1
110.249.201.74,2
203.208.60.245,1
157.55.39.190,1
110.249.202.184,3
176.9.139.83,21
185.191.171.131,1
13.66.139.38,1
185.191.171.229,3
220.243.135.46,1
124.160.11.148,62
220.243.136.143,1
220.243.135.77,1
123.125.67.7,1
220.243.136.76,2
157.55.39.194,2
13.66.139.33,1
207.46.13.12,1
203.208.60.66,1
111.225.149.26,1
111.225.148.40,3
207.46.13.62,1
110.249.202.102,1
123.125.67.67,1
185.191.171.73,1
40.77.167.72,1
203.208.60.111,2
176.9.139.200,21
207.46.13.78,1
124.160.11.9,9
157.55.39.42,2
185.191.171.96,2
220.243.136.16,1
124.119.45.65,2
124.119.45.36,3
111.225.149.71,1
185.191.171.112,4
111.225.148.215,1
185.191.171.216,2
135.148.78.245,1
110.249.202.92,1
123.125.67.188,1
54.36.148.213,1
111.225.148.3,2
176.9.139.11,17
216.244.66.178,2
124.119.45.64,2
111.225.149.19,2
157.55.39.53,3
111.225.149.202,1
40.77.167.108,1
157.55.39.249,1
111.225.149.209,2
54.36.148.237,1
220.181.51.194,1
52.162.161.32,1
124.160.11.161,52
185.191.171.116,1
157.55.39.196,3
111.225.148.55,4
40.77.167.201,2
110.249.202.202,1
40.77.167.203,1
85.61.150.159,6
54.36.148.206,1
13.66.139.241,1
157.55.39.30,1
111.225.148.153,3
220.181.51.25,1
13.66.139.248,1
176.9.139.175,15
110.249.202.80,3
85.208.98.91,1
207.46.13.66,1
85.208.98.21,1
176.9.139.123,16
207.46.13.244,3
85.208.98.252,1
110.249.201.56,1
85.208.98.169,1
111.225.148.119,1
176.9.139.254,25
111.225.148.66,2
207.46.13.69,5
123.125.67.202,1
54.36.148.71,1
13.66.139.89,2
110.249.202.4,1
207.46.13.124,1
111.225.149.146,1
40.77.167.102,2
176.9.139.238,8
27.219.56.224,1
95.47.248.45,7
203.208.60.184,1
40.77.167.232,1
111.225.149.98,2
95.47.248.49,1
110.249.202.115,1
220.181.51.67,1
203.208.60.32,1
111.225.148.70,1
40.77.167.55,1
13.66.139.17,2
111.225.149.6,2
92.206.3.205,5
203.208.60.96,1
95.47.248.39,1
110.249.202.84,1
110.249.202.189,1
110.249.202.124,1
95.47.248.146,1
111.225.149.229,1
220.181.51.36,1
176.9.139.239,14
220.243.136.113,1
40.77.167.9,2
95.47.248.191,2
220.243.135.149,1
111.225.148.174,1
207.46.13.119,1
111.225.149.118,2
111.225.149.14,3
111.225.148.154,1
111.225.148.229,1
5.255.231.201,2
176.9.139.33,15
220.181.51.78,1
111.225.148.67,1
176.9.139.235,7
157.55.39.123,1
162.55.175.232,1
111.225.148.197,3
203.208.60.143,1
110.249.201.84,2
162.55.175.254,1
176.9.139.27,7
111.225.148.128,4
13.66.139.109,1
123.125.67.167,1
110.249.202.167,2
110.249.201.6,1
220.243.135.63,2
111.225.148.134,1
185.191.171.47,2
111.225.148.45,1
220.243.135.183,1
110.249.202.148,4
203.208.60.31,2
185.191.171.219,1
157.55.39.161,1
123.125.67.133,1
91.251.210.73,2
220.243.135.153,2
3.8.144.42,1
176.9.139.245,23
185.191.171.78,3
207.46.13.201,2
40.77.167.248,1
110.249.202.51,1
207.46.13.162,2
176.9.139.217,13
203.208.60.209,1
220.181.51.218,1
207.46.13.171,1
185.191.171.108,1
110.249.202.224,1
207.46.13.157,1
207.46.13.24,3
95.47.248.26,2
111.225.148.28,1
110.249.202.62,1
220.243.136.121,1
54.36.149.29,1
203.208.60.54,1
220.181.51.190,1
111.225.149.74,3
111.225.148.109,1
185.191.171.224,2
110.249.201.37,2
176.9.139.127,7
185.191.171.170,1
162.55.175.5,1
40.77.167.52,1
111.225.148.47,3
111.225.148.135,1
40.77.167.116,1
185.191.171.18,1
157.55.39.230,3
2601:2c0:8a00:510f:9623:5e4c:9928:3b3c,4
76.31.16.73,1
220.181.51.183,1
72.42.104.198,5
111.225.148.56,2
207.46.13.253,1
110.249.201.246,2
157.55.39.202,1
110.249.202.71,2
95.47.248.228,2
162.55.175.112,1
95.47.248.38,1
54.36.148.162,1
220.243.135.142,2
176.9.139.7,8
40.77.167.89,1
185.191.171.178,2
111.225.149.135,1
40.77.167.95,3
110.249.201.99,1
111.225.148.27,2
207.46.13.186,2
95.47.248.44,2
162.55.175.42,2
2601:240:4200:13fb:e8ac:5575:d6c0:8900,4
13.66.139.7,2
220.243.135.58,1
220.243.136.124,1
95.47.248.33,5
135.181.82.159,1
111.225.148.213,3
40.77.167.16,1
111.225.149.224,2
111.225.148.189,3
203.208.60.125,1
123.125.67.252,1
207.46.13.241,3
111.225.148.42,2
220.243.135.55,1
111.225.149.219,1
207.46.13.144,1
216.244.66.251,1
111.225.148.73,1
13.66.139.44,1
111.225.148.232,1
220.181.51.1,1
203.208.60.132,2
203.208.60.69,2
203.208.60.99,1
124.160.11.51,40
75.100.11.110,5
157.55.39.141,2
13.66.139.217,3
203.208.60.114,1
220.243.135.162,1
203.208.60.202,2
106.38.241.85,1
111.225.149.163,2
220.181.51.133,1
54.36.148.136,1
185.191.171.217,2
111.225.149.28,3
2603:8000:5702:a8e4:ac3c:311a:b191:9c41,4
157.55.39.248,2
110.249.202.226,2
185.191.171.77,1
13.66.139.250,1
110.249.201.61,4
110.249.202.147,1
123.125.67.216,2
54.36.149.166,1
124.160.11.125,36
110.249.201.236,2
157.55.39.251,2
220.243.135.221,1
111.225.149.234,1
54.36.148.56,2
110.249.202.250,2
124.160.11.52,29
220.181.51.182,1
40.77.167.185,1
110.249.202.60,2
185.191.171.195,1
220.243.135.176,1
220.243.135.18,1
124.160.11.116,32
185.191.171.189,1
220.243.135.115,1
110.249.201.197,2
111.225.148.219,4
176.9.139.67,15
185.191.171.202,2
123.125.67.100,1
185.191.171.141,1
110.249.202.198,2
111.225.149.125,1
111.225.148.25,1
220.243.136.255,2
203.208.60.94,1
203.208.60.167,1
157.55.39.95,1
110.249.201.29,3
135.181.82.25,1
220.243.136.225,1
157.55.39.187,3
157.55.39.180,1
207.46.13.22,3
110.249.202.56,1
185.191.171.247,1
110.249.201.62,1
185.191.171.197,1
185.191.171.182,1
110.249.202.67,1
176.9.139.75,7
40.77.167.54,1
216.244.66.87,1
113.31.114.149,1
176.9.139.189,17
216.244.66.21,1
157.55.39.172,1
123.125.67.130,1
111.225.149.116,1
207.46.13.101,2
185.191.171.146,1
157.55.39.220,1
111.225.148.210,1
207.46.13.183,4
110.249.201.191,5
111.225.148.63,2
123.125.67.177,1
111.225.149.161,2
111.225.148.152,1
40.77.167.99,1
111.225.149.254,1
203.208.60.252,1
216.244.66.135,3
176.9.139.181,16
216.244.66.67,3
110.249.202.87,2
54.36.148.12,1
110.249.202.159,2
123.125.67.0,1
210.32.136.165,4
110.249.201.240,1
157.55.39.198,1
220.243.136.5,1
110.249.201.214,1
110.249.201.63,2
203.208.60.20,1
176.9.139.151,8
110.249.201.161,2
124.160.11.2,25
54.145.150.85,1
220.243.136.134,1
162.55.185.33,1
2a01:4f8:1c1c:d669:df12:9f1c:69e8:c7df,1
52.207.207.24,1
176.9.139.118,9
216.244.66.104,5
207.46.13.116,2
111.225.148.208,1
220.181.51.173,1
157.55.39.185,2
185.191.171.168,2
218.94.118.18,1
110.249.202.85,1
110.249.202.174,5
124.160.11.12,1
103.77.19.97,5
111.225.148.237,1
220.181.51.171,1
207.46.13.228,2
203.208.60.13,1
77.83.198.4,1
111.225.149.155,3
207.46.13.11,1
220.243.135.248,1
111.225.149.246,1
110.249.202.101,1
117.149.100.183,5
111.225.149.12,2
220.243.135.238,1
220.181.51.6,1
203.208.60.120,1
17.121.114.29,1
111.225.148.68,4
111.225.148.201,1
220.243.136.119,1
124.160.11.4,15
176.9.139.30,14
220.181.51.214,1
185.191.171.203,1
176.9.139.85,23
110.249.202.122,1
207.46.13.44,1
111.225.148.78,2
207.46.13.219,2
111.225.148.13,1
17.121.113.135,1
185.191.171.232,1
157.55.39.13,1
220.243.135.49,1
157.55.39.17,1
110.249.201.204,1
123.125.67.75,1
203.208.60.60,1
111.225.149.31,1
110.249.202.25,3
207.46.13.48,1
176.9.139.54,7
220.243.135.21,1
5.203.210.214,6
17.121.115.155,1
111.225.148.250,1
124.160.11.126,32
17.121.113.105,1
220.243.136.180,1
111.225.149.154,3
207.46.13.216,1
110.249.201.215,1
157.55.39.146,1
220.181.51.239,1
176.9.139.57,23
207.46.13.215,1
157.55.39.20,1
176.9.139.228,8
203.208.60.148,3
110.249.201.151,3
176.9.139.148,8
110.249.201.142,1
207.46.13.193,4
110.249.202.79,1
17.121.113.243,1
162.55.175.123,2
111.225.148.2,2
123.125.67.141,1
162.55.185.49,2
124.160.11.30,37
176.9.139.225,18
111.225.149.173,1
54.36.148.233,1
207.46.13.235,2
54.36.148.28,1
220.243.135.251,2
157.55.39.103,3
110.249.202.206,1
185.191.171.80,1
110.249.201.159,2
17.121.115.71,1
157.55.39.157,2
203.208.60.86,1
220.181.51.149,1
110.249.201.226,2
111.225.148.193,2
111.225.149.252,4
207.46.13.114,1
17.121.115.183,1
110.249.201.213,5
17.121.114.228,1
176.9.139.44,8
110.249.201.252,2
185.191.171.161,2
17.121.113.179,1
111.225.148.253,1
207.46.13.181,2
220.181.51.53,1
111.225.149.81,1
40.77.167.59,1
110.249.201.141,1
157.55.39.231,3
220.243.135.88,2
17.121.112.66,1
111.225.148.247,1
40.77.167.222,1
111.225.149.185,1
13.66.139.31,1
123.125.67.110,2
54.36.148.147,1
111.225.148.118,1
17.121.114.178,1
40.77.167.56,1
111.225.148.77,1
54.36.149.114,1
110.249.202.204,1
17.121.113.191,1
220.181.51.81,1
13.66.139.132,1
157.55.39.247,2
17.121.112.202,1
110.249.202.82,1
176.9.139.102,8
110.249.202.244,1
110.249.201.124,2
110.249.201.49,1
220.181.51.45,1
13.66.139.225,1
157.55.39.22,1
207.46.13.9,1
40.77.167.158,1
185.191.171.117,1
40.77.167.161,1
185.191.171.61,1
220.243.136.250,1
207.46.13.36,1
111.225.149.108,1
13.66.139.3,1
220.243.135.156,1
207.46.13.10,1
110.249.201.180,2
123.125.67.254,1
111.225.148.207,1
17.121.115.5,1
17.121.113.150,1
124.160.11.145,1
111.225.148.233,1
1.22.165.70,1
110.249.201.4,1
207.46.13.203,2
220.243.136.2,1
111.225.149.8,4
17.121.114.94,1
135.181.82.210,1
111.225.148.158,2
157.55.39.133,2
220.243.135.52,1
203.208.60.104,1
123.125.67.122,1
220.243.136.170,1
40.77.167.175,1
157.55.39.102,1
162.55.185.138,1
176.9.139.197,7
111.225.148.181,1
220.243.136.81,1
123.125.67.94,1
176.9.139.164,8
185.191.171.113,1
176.9.139.161,9
111.225.148.32,1
185.69.144.112,4
111.225.149.138,2
13.66.139.233,2
17.121.113.167,1
110.249.201.112,1
123.125.67.99,2
185.191.171.15,2
54.36.148.123,1
111.225.149.82,1
157.55.39.55,1
220.243.135.131,1
216.244.66.203,1
17.121.112.74,1
110.249.202.182,1
220.181.51.188,1
111.225.148.96,2
54.36.148.182,1
111.225.148.214,1
185.191.171.222,1
203.208.60.189,1
220.243.136.214,4
77.126.7.199,2
110.249.201.227,1
17.121.113.100,1
17.121.112.177,1
110.249.202.119,1
40.77.167.117,2
207.46.13.221,2
17.121.115.43,1
111.225.149.230,2
110.249.202.68,2
123.125.67.88,1
110.249.201.96,1
111.225.148.180,1
116.26.237.35,4
176.9.139.77,16
17.121.114.130,1
17.121.112.131,2
111.225.149.152,1
17.121.112.78,2
124.160.11.169,42
207.46.13.145,1
118.184.177.164,1
110.249.202.43,1
116.26.237.160,9
123.183.224.125,1
203.208.60.169,1
111.225.149.134,2
220.243.136.122,1
111.225.148.205,3
157.55.39.62,1
110.249.202.98,1
207.46.13.233,3
111.225.149.232,1
220.181.51.27,1
124.160.11.109,5
207.46.13.79,1
176.9.139.154,7
203.208.60.110,1
157.55.39.140,1
203.208.60.49,1
203.208.60.230,2
207.46.13.25,1
110.249.201.198,1
207.46.13.106,1
157.55.39.101,1
207.46.13.4,1
110.249.201.30,1
124.160.11.91,38
207.46.13.174,1
207.46.13.104,3
17.121.112.163,1
54.36.149.95,1
111.225.149.222,2
17.121.115.146,1
123.125.67.119,1
112.49.180.129,6
221.201.123.200,1
110.249.202.181,1
17.121.113.231,1
111.225.148.246,1
203.208.60.162,1
124.160.11.198,4
111.225.148.238,1
111.225.148.60,1
216.93.141.54,1
220.181.51.72,1
220.243.136.243,3
111.225.148.117,1
216.244.66.130,1
176.9.139.188,18
17.121.115.145,1
111.225.149.110,1
110.249.202.248,2
17.121.113.32,1
220.181.51.210,1
110.249.201.187,2
203.208.60.244,1
207.46.13.76,5
220.243.135.56,1
157.55.39.130,3
40.77.167.180,1
110.249.202.72,1
216.244.66.57,2
216.244.66.83,2
111.225.149.150,1
203.208.60.227,1
110.249.201.169,1
220.181.51.61,1
203.208.60.57,1
111.225.149.34,1
111.225.148.164,3
17.121.113.185,1
185.191.171.213,1
111.225.148.104,1
110.249.202.209,1
111.225.149.132,2
207.46.13.194,1
123.125.67.38,1
220.243.135.171,1
110.249.201.35,3
117.149.100.179,5
111.225.149.178,2
220.243.136.84,1
17.121.113.69,1
111.225.149.24,1
13.66.139.213,1
207.46.13.217,2
123.125.67.10,1
111.225.149.179,1
54.36.148.124,1
104.155.101.140,1
216.244.66.242,5
207.46.13.17,2
17.121.114.137,1
17.121.115.121,1
220.243.136.212,1
207.46.13.240,5
216.244.66.91,2
176.9.139.13,8
17.121.113.132,1
111.225.148.59,2
203.208.60.216,1
207.46.13.213,1
220.243.135.202,2
110.249.202.193,1
123.125.67.233,1
111.225.148.49,1
17.121.115.91,1
110.249.201.176,2
176.9.139.191,7
203.208.60.199,1
203.208.60.138,1
40.77.167.82,2
111.225.149.160,1
185.191.171.17,1
17.121.113.79,1
123.125.67.203,1
162.55.175.111,2
135.181.83.74,1
220.243.135.182,1
216.244.66.94,3
17.121.114.167,1
207.46.13.1,1
220.243.136.94,2
17.121.114.185,1
207.46.13.82,1
207.46.13.64,1
17.121.115.85,1
110.249.201.229,1
17.121.115.189,1
17.121.112.113,1
220.181.51.200,1
220.243.135.34,1
110.249.201.73,1
220.243.136.14,1
220.243.136.21,1
185.191.171.181,1
220.243.136.240,1
110.249.202.90,2
111.225.148.84,1
54.36.149.14,1
110.249.201.103,1
111.225.148.43,1
220.181.51.169,1
17.121.112.140,1
157.55.39.9,1
220.243.135.116,1
54.36.148.207,1
220.243.136.175,1
54.36.148.45,1
207.46.13.28,1
135.181.83.207,1
110.249.202.10,1
220.243.136.189,1
49.7.20.238,1
2a05:f6c7:5466:2b68:8f4d:8067:d04c:91ba,6
110.249.202.187,2
111.225.148.50,2
111.225.148.87,1
185.191.171.69,2
123.125.67.98,1
157.55.39.112,1
17.121.115.75,1
54.36.148.153,1
17.121.113.25,1
162.55.175.214,1
54.36.149.237,1
40.77.167.35,2
111.225.149.16,1
203.208.60.50,1
176.9.139.38,8
207.46.13.55,1
203.208.60.28,1
17.121.115.38,2
110.249.201.94,2
123.125.67.173,1
157.55.39.126,2
111.225.149.136,1
111.225.149.102,1
13.66.139.26,1
157.55.39.211,1
220.243.135.95,2
17.121.115.97,1
207.46.13.164,1
85.208.98.111,1
220.243.136.234,2
157.55.39.168,1
220.181.51.245,1
110.249.202.196,1
185.191.171.134,1
176.9.139.159,5
5.188.210.202,1
5.188.210.88,3
110.249.202.88,2
220.243.136.74,1
54.36.148.165,1
157.55.39.235,1
111.225.149.113,2
13.66.139.218,1
85.208.98.170,1
220.181.51.97,1
110.249.202.149,2
185.191.171.68,1
111.225.149.7,1
111.225.148.33,2
203.208.60.193,1
203.208.60.224,1
203.208.60.18,1
207.46.13.129,2
220.243.135.132,1
220.181.51.216,1
2405:201:5c01:4e41:5555:d1b6:c1c9:2b9,5
110.249.202.168,1
17.121.113.66,1
157.55.39.7,2
207.46.13.154,2
110.249.202.74,1
17.121.115.194,1
220.181.51.198,1
220.243.135.67,1
110.249.201.245,1
207.46.13.250,2
110.249.201.206,1
110.249.201.220,2
110.249.202.3,2
34.78.120.124,1
111.225.149.212,1
111.225.148.88,2
220.181.51.180,1
13.66.139.115,4
13.66.139.67,5
220.243.135.225,1
17.121.114.215,1
190.116.103.120,1
111.225.148.10,1
110.249.202.227,1
203.208.60.118,1
157.55.39.207,1
106.11.154.253,1
106.11.154.60,1
40.77.167.216,1
54.36.148.160,1
207.46.13.92,1
40.77.167.119,1
111.225.148.101,1
110.249.202.5,1
17.121.114.150,1
17.121.115.28,1
176.9.139.223,8
110.249.202.14,1
185.191.171.1,1
207.46.13.27,1
13.66.139.173,2
124.160.11.74,47
110.249.201.165,1
157.55.39.159,1
135.181.81.0,1
123.125.67.114,1
111.225.148.5,1
207.46.13.202,1
111.225.148.129,1
185.191.171.66,2
17.121.112.148,1
220.243.136.97,1
110.249.202.118,1
110.249.202.150,1
110.249.201.117,1
185.191.171.210,1
111.225.148.139,1
157.55.39.255,1
110.249.201.5,1
220.243.136.144,2
110.249.202.161,2
111.225.148.93,1
111.225.148.239,1
17.121.113.111,1
2405:201:5c01:5a5d:548b:6dad:8936:c424,1
216.244.66.12,1
123.125.67.109,1
110.249.202.245,2
203.208.60.24,2
2405:201:5c01:ab88:5c6e:bea3:5880:a9a4,1
203.208.60.0,1
1.81.210.65,8
1.81.210.44,1
111.225.148.200,1
13.66.139.1,1
17.121.112.44,1
110.249.201.21,1
17.121.114.156,1
203.208.60.174,1
157.55.39.73,2
110.249.202.158,1
2405:201:5c01:5331:a754:f32a:eae6:5343,1
111.225.149.199,1
185.191.171.55,1
123.125.67.180,1
157.55.39.100,1
17.121.113.35,1
104.155.101.182,1
220.243.136.27,1
157.55.39.58,1
111.225.149.127,1
13.66.139.183,2
2001:b07:5d29:756e:34f8:b91a:ca37:e17a,4
157.55.39.79,1
111.225.148.91,1
185.191.171.186,1
110.249.201.192,1
220.181.51.66,1
2405:201:5c01:4b43:9000:dddb:5728:9699,1
40.77.167.28,4
185.191.171.74,1
220.181.51.12,1
